{
  "t_stat": 2.5519992171454606,
  "p_value_ttest": 0.013879867346239212,
  "w_stat": 802.5,
  "p_value_wilcoxon": 0.00580366570098635,
  "cohens_d": 0.36090719040526315,
  "effect_label": "small",
  "ci_95_lower": 0.4062804651124867,
  "ci_95_upper": 3.0965195348875127,
  "overall_agent_stats": {
    "total_runs": 5815,
    "sp_mean": 42.03960447119518,
    "sp_var": 196.2574807377962,
    "sp_std": 14.009192722558863,
    "our_mean": 40.00563026655202,
    "our_var": 167.5664064256364,
    "our_std": 12.944744355360456
  },
  "category_agent_stats": {
    "dense": {
      "total_runs": 2103,
      "sp_mean": 41.878706609605324,
      "sp_var": 205.43014521254327,
      "sp_std": 14.33283451423839,
      "our_mean": 38.435844032334764,
      "our_var": 142.01321073554095,
      "our_std": 11.91692958507102
    },
    "many": {
      "total_runs": 449,
      "sp_mean": 40.09271714922049,
      "sp_var": 98.64245742779076,
      "sp_std": 9.931890929112681,
      "our_mean": 37.71881959910913,
      "our_var": 74.80036675810152,
      "our_std": 8.64872052722838
    },
    "medium": {
      "total_runs": 674,
      "sp_mean": 35.90958456973294,
      "sp_var": 168.11324166717986,
      "sp_std": 12.965849053077083,
      "our_mean": 35.83611275964392,
      "our_var": 162.2587587766027,
      "our_std": 12.738083010272884
    },
    "narrow": {
      "total_runs": 2589,
      "sp_mean": 44.10378138277327,
      "sp_var": 198.34077770577937,
      "sp_std": 14.083351082245283,
      "our_mean": 42.762792584009276,
      "our_var": 190.75625465802113,
      "our_std": 13.811453748900625
    }
  }
}