{
  "t_stat": 1.2596005317434016,
  "p_value_ttest": 0.21378031075519371,
  "w_stat": 640.5,
  "p_value_wilcoxon": 0.1372966963229259,
  "cohens_d": 0.17813441551638803,
  "effect_label": "negligible",
  "ci_95_lower": -0.45751702064137223,
  "ci_95_upper": 2.103117020641372,
  "overall_agent_stats": {
    "total_runs": 7835,
    "sp_mean": 44.48480025526484,
    "sp_var": 166.77498667037685,
    "sp_std": 12.914139021645108,
    "our_mean": 43.53191320995533,
    "our_var": 145.68758104926428,
    "our_std": 12.070111062010335
  },
  "category_agent_stats": {
    "dense": {
      "total_runs": 2462,
      "sp_mean": 47.44467506092608,
      "sp_var": 221.53236827378032,
      "sp_std": 14.883963459837583,
      "our_mean": 46.31142160844842,
      "our_var": 202.8619358750484,
      "our_std": 14.242960923735218
    },
    "many": {
      "total_runs": 943,
      "sp_mean": 42.881792152704136,
      "sp_var": 124.72236518691602,
      "sp_std": 11.167916779190111,
      "our_mean": 41.197073170731706,
      "our_var": 87.22128931278007,
      "our_std": 9.339233871832318
    },
    "medium": {
      "total_runs": 2580,
      "sp_mean": 42.58719379844961,
      "sp_var": 153.51794282290734,
      "sp_std": 12.390235785605832,
      "our_mean": 41.2076007751938,
      "our_var": 128.38080521271308,
      "our_std": 11.330525372316727
    },
    "narrow": {
      "total_runs": 1850,
      "sp_mean": 44.00925945945946,
      "sp_var": 115.61013026241085,
      "sp_std": 10.752215132818487,
      "our_mean": 44.26452432432432,
      "our_var": 102.4061768277868,
      "our_std": 10.11959370863212
    }
  }
}