{
  "total_maps": 50,
  "total_runs": 5815,
  "overall_sp_mean": 42.0402407566638,
  "overall_our_mean": 40.005503009458295,
  "overall_improvement_pct": 4.83997643824858,
  "total_wins": 2121,
  "total_ties": 2312,
  "total_losses": 1382,
  "win_rate_pct": 36.47463456577816,
  "maps_with_positive_improvement": 31,
  "mean_per_map_improvement_pct": 3.485716637809919,
  "median_per_map_improvement_pct": 3.069860517232497,
  "std_per_map_improvement_pct": 10.277412611742392
}