{
  "t_stat": -8.604557414176716,
  "p_value_ttest": 9.921165100105708e-15,
  "w_stat": 1496.5,
  "p_value_wilcoxon": 0.9999999999999926,
  "cohens_d": -0.7025591709071604,
  "effect_label": "medium",
  "ci_95_lower": -6.406670586005524,
  "ci_95_upper": -4.02946274732781,
  "overall_agent_stats": {
    "total_runs": 18068,
    "sp_mean": 41.03179488598627,
    "sp_var": 194.5829388472357,
    "sp_std": 13.949298865793782,
    "our_mean": 46.280397387646666,
    "our_var": 302.90643806435537,
    "our_std": 17.404207481650964
  },
  "category_agent_stats": {
    "dense": {
      "total_runs": 5493,
      "sp_mean": 42.00796104132532,
      "sp_var": 209.0140946775282,
      "sp_std": 14.457319761198068,
      "our_mean": 46.49142545057346,
      "our_var": 293.55858720894184,
      "our_std": 17.133551506005457
    },
    "many": {
      "total_runs": 1741,
      "sp_mean": 43.371901206203326,
      "sp_var": 180.02137438656473,
      "sp_std": 13.417204417708062,
      "our_mean": 50.45431935669155,
      "our_var": 333.9059967366102,
      "our_std": 18.273094886652622
    },
    "medium": {
      "total_runs": 5456,
      "sp_mean": 38.56584494134897,
      "sp_var": 160.646849762614,
      "sp_std": 12.674653832062397,
      "our_mean": 44.92048936950146,
      "our_var": 269.3085882319258,
      "our_std": 16.410624248697115
    },
    "narrow": {
      "total_runs": 5378,
      "sp_mean": 41.778915953886205,
      "sp_var": 209.51211210115503,
      "sp_std": 14.474533225674499,
      "our_mean": 46.09328002975084,
      "our_var": 328.9074351692593,
      "our_std": 18.135805335558146
    }
  }
}